{"stats":{"minecraft:used":{"minecraft:stone_sword":6},"minecraft:killed":{"naturalist:butterfly":1},"minecraft:picked_up":{"minecraft:bamboo":20,"twigs:bamboo_leaves":7},"minecraft:mined":{"minecraft:grass":1,"minecraft:bamboo":3},"minecraft:custom":{"minecraft:jump":75,"minecraft:time_since_rest":5243,"minecraft:damage_dealt":100,"minecraft:sprint_one_cm":6263,"minecraft:play_time":5243,"minecraft:time_since_death":5243,"minecraft:walk_one_cm":5762,"minecraft:total_world_time":5243,"minecraft:hex":0,"minecraft:mob_kills":1,"minecraft:fall_one_cm":2740,"minecraft:fly_one_cm":18469}},"DataVersion":3465}