{"stats":{"minecraft:used":{"minecraft:stone_sword":7},"minecraft:killed":{"naturalist:butterfly":1},"minecraft:picked_up":{"regions_unexplored:fireweed":1,"minecraft:wheat_seeds":2,"twigs:bamboo_leaves":9,"minecraft:bamboo":27,"minecraft:dirt":2},"minecraft:mined":{"minecraft:grass":3,"minecraft:grass_block":2,"regions_unexplored:medium_grass":1,"minecraft:bamboo":4},"minecraft:custom":{"minecraft:time_since_rest":10884,"minecraft:play_time":10884,"minecraft:sprint_one_cm":11787,"minecraft:damage_taken":30,"minecraft:walk_one_cm":11454,"minecraft:sneak_time":63,"minecraft:mob_kills":1,"minecraft:jump":134,"minecraft:damage_dealt":100,"minecraft:leave_game":1,"minecraft:time_since_death":10884,"minecraft:total_world_time":10884,"minecraft:hex":0,"minecraft:fall_one_cm":5512,"minecraft:fly_one_cm":124900}},"DataVersion":3465}